{
	"CPI": 3.825,
	"WPI": 2.645,
	"growthByState": {
		"New South Wales": 6.83,
		"Victoria": 2.19,
		"Queensland": 9.34,
		"South Australia": 6.22,
		"Western Australia": 7.8,
		"Tasmania": 3.95,
		"Northern Territory": 7.28,
		"Australian Capital Territory": 4.96
	},
	"growthByIndustry": {
		"Wholesale trade": 6.87,
		"Retail trade": 6.5,
		"Accommodation and food services": 8.56,
		"Transport, postal and warehousing": 6.35,
		"Rental, hiring and real estate services": 5.49,
		"Education and training (private)": 14.69,
		"Health care and social assistance (private)": 8.94,
		"Arts and recreation services": 7.76,
		"Other services": 7.54
	},
	"stockLevelByIndustry": {
		"Wholesale trade": 77.85,
		"Retail trade": 70.73,
		"Accommodation and food services": 33.11,
		"Transport, postal and warehousing": 16.07,
		"Rental, hiring and real estate services": 12.71,
		"Education and training (private)": 7.57,
		"Health care and social assistance (private)": 10.23,
		"Arts and recreation services": 8.69,
		"Other services": 31.02
	},
	"rentalYieldByCapital": {
		"Sydney": 2.58,
		"Melbourne": 2.42,
		"Brisbane": 4.75,
		"Adelaide": 4.1,
		"Perth": 6.62,
		"Hobart": 2.56,
		"Darwin": 3.74,
		"Canberra": 2.74
	},
	"ownerSalary": {
		"NSW": {
			"Cafe and restaurant catering": 72000,
			"Cafe and restaurant takeaways": 72000,
			"Nail, hair salon & personal Care": 72000,
			"Food retailing": 72000,
			"Other store-based retailing": 72000,
			"Non-store retailing and retail commission-based": 72000,
			"Clothing & fashion boutique": 72000,
			"Fitness & gym facilities": 72000,
			"Automotive retail & services": 72000,
			"Rental & hiring services": 72000,
			"Real estate services": 72000,
			"Education and training services": 72000
		},
		"VIC": {
			"Cafe and restaurant catering": 72000,
			"Cafe and restaurant takeaways": 72000,
			"Nail, hair salon & personal Care": 72000,
			"Food retailing": 72000,
			"Other store-based retailing": 72000,
			"Non-store retailing and retail commission-based": 72000,
			"Clothing & fashion boutique": 72000,
			"Fitness & gym facilities": 72000,
			"Automotive retail & services": 72000,
			"Rental & hiring services": 72000,
			"Real estate services": 72000,
			"Education and training services": 72000
		},
		"QLD": {
			"Cafe and restaurant catering": 72000,
			"Cafe and restaurant takeaways": 72000,
			"Nail, hair salon & personal Care": 72000,
			"Food retailing": 72000,
			"Other store-based retailing": 72000,
			"Non-store retailing and retail commission-based": 72000,
			"Clothing & fashion boutique": 72000,
			"Fitness & gym facilities": 72000,
			"Automotive retail & services": 72000,
			"Rental & hiring services": 72000,
			"Real estate services": 72000,
			"Education and training services": 72000
		},
		"SA": {
			"Cafe and restaurant catering": 72000,
			"Cafe and restaurant takeaways": 72000,
			"Nail, hair salon & personal Care": 72000,
			"Food retailing": 72000,
			"Other store-based retailing": 72000,
			"Non-store retailing and retail commission-based": 72000,
			"Clothing & fashion boutique": 72000,
			"Fitness & gym facilities": 72000,
			"Automotive retail & services": 72000,
			"Rental & hiring services": 72000,
			"Real estate services": 72000,
			"Education and training services": 72000
		},
		"WA": {
			"Cafe and restaurant catering": 72000,
			"Cafe and restaurant takeaways": 72000,
			"Nail, hair salon & personal Care": 72000,
			"Food retailing": 72000,
			"Other store-based retailing": 72000,
			"Non-store retailing and retail commission-based": 72000,
			"Clothing & fashion boutique": 72000,
			"Fitness & gym facilities": 72000,
			"Automotive retail & services": 72000,
			"Rental & hiring services": 72000,
			"Real estate services": 72000,
			"Education and training services": 72000
		},
		"TAS": {
			"Cafe and restaurant catering": 72000,
			"Cafe and restaurant takeaways": 72000,
			"Nail, hair salon & personal Care": 72000,
			"Food retailing": 72000,
			"Other store-based retailing": 72000,
			"Non-store retailing and retail commission-based": 72000,
			"Clothing & fashion boutique": 72000,
			"Fitness & gym facilities": 72000,
			"Automotive retail & services": 72000,
			"Rental & hiring services": 72000,
			"Real estate services": 72000,
			"Education and training services": 72000
		},
		"NT": {
			"Cafe and restaurant catering": 72000,
			"Cafe and restaurant takeaways": 72000,
			"Nail, hair salon & personal Care": 72000,
			"Food retailing": 72000,
			"Other store-based retailing": 72000,
			"Non-store retailing and retail commission-based": 72000,
			"Clothing & fashion boutique": 72000,
			"Fitness & gym facilities": 72000,
			"Automotive retail & services": 72000,
			"Rental & hiring services": 72000,
			"Real estate services": 72000,
			"Education and training services": 72000
		},
		"ACT": {
			"Cafe and restaurant catering": 72000,
			"Cafe and restaurant takeaways": 72000,
			"Nail, hair salon & personal Care": 72000,
			"Food retailing": 72000,
			"Other store-based retailing": 72000,
			"Non-store retailing and retail commission-based": 72000,
			"Clothing & fashion boutique": 72000,
			"Fitness & gym facilities": 72000,
			"Automotive retail & services": 72000,
			"Rental & hiring services": 72000,
			"Real estate services": 72000,
			"Education and training services": 72000
		}
	}
}
