{
	"NSW": {
		"Cafe and restaurant catering": 72000,
		"Cafe and restaurant takeaways": 72000,
		"Nail, hair salon & personal Care": 72000,
		"Food retailing": 72000,
		"Other store-based retailing": 72000,
		"Non-store retailing and retail commission-based": 72000,
		"Clothing & fashion boutique": 72000,
		"Fitness & gym facilities": 72000,
		"Automotive retail & services": 72000,
		"Rental & hiring services": 72000,
		"Real estate services": 72000,
		"Education and training services": 72000
	},
	"VIC": {
		"Cafe and restaurant catering": 72000,
		"Cafe and restaurant takeaways": 72000,
		"Nail, hair salon & personal Care": 72000,
		"Food retailing": 72000,
		"Other store-based retailing": 72000,
		"Non-store retailing and retail commission-based": 72000,
		"Clothing & fashion boutique": 72000,
		"Fitness & gym facilities": 72000,
		"Automotive retail & services": 72000,
		"Rental & hiring services": 72000,
		"Real estate services": 72000,
		"Education and training services": 72000
	},
	"QLD": {
		"Cafe and restaurant catering": 72000,
		"Cafe and restaurant takeaways": 72000,
		"Nail, hair salon & personal Care": 72000,
		"Food retailing": 72000,
		"Other store-based retailing": 72000,
		"Non-store retailing and retail commission-based": 72000,
		"Clothing & fashion boutique": 72000,
		"Fitness & gym facilities": 72000,
		"Automotive retail & services": 72000,
		"Rental & hiring services": 72000,
		"Real estate services": 72000,
		"Education and training services": 72000
	},
	"SA": {
		"Cafe and restaurant catering": 72000,
		"Cafe and restaurant takeaways": 72000,
		"Nail, hair salon & personal Care": 72000,
		"Food retailing": 72000,
		"Other store-based retailing": 72000,
		"Non-store retailing and retail commission-based": 72000,
		"Clothing & fashion boutique": 72000,
		"Fitness & gym facilities": 72000,
		"Automotive retail & services": 72000,
		"Rental & hiring services": 72000,
		"Real estate services": 72000,
		"Education and training services": 72000
	},
	"WA": {
		"Cafe and restaurant catering": 72000,
		"Cafe and restaurant takeaways": 72000,
		"Nail, hair salon & personal Care": 72000,
		"Food retailing": 72000,
		"Other store-based retailing": 72000,
		"Non-store retailing and retail commission-based": 72000,
		"Clothing & fashion boutique": 72000,
		"Fitness & gym facilities": 72000,
		"Automotive retail & services": 72000,
		"Rental & hiring services": 72000,
		"Real estate services": 72000,
		"Education and training services": 72000
	},
	"TAS": {
		"Cafe and restaurant catering": 72000,
		"Cafe and restaurant takeaways": 72000,
		"Nail, hair salon & personal Care": 72000,
		"Food retailing": 72000,
		"Other store-based retailing": 72000,
		"Non-store retailing and retail commission-based": 72000,
		"Clothing & fashion boutique": 72000,
		"Fitness & gym facilities": 72000,
		"Automotive retail & services": 72000,
		"Rental & hiring services": 72000,
		"Real estate services": 72000,
		"Education and training services": 72000
	},
	"NT": {
		"Cafe and restaurant catering": 72000,
		"Cafe and restaurant takeaways": 72000,
		"Nail, hair salon & personal Care": 72000,
		"Food retailing": 72000,
		"Other store-based retailing": 72000,
		"Non-store retailing and retail commission-based": 72000,
		"Clothing & fashion boutique": 72000,
		"Fitness & gym facilities": 72000,
		"Automotive retail & services": 72000,
		"Rental & hiring services": 72000,
		"Real estate services": 72000,
		"Education and training services": 72000
	},
	"ACT": {
		"Cafe and restaurant catering": 72000,
		"Cafe and restaurant takeaways": 72000,
		"Nail, hair salon & personal Care": 72000,
		"Food retailing": 72000,
		"Other store-based retailing": 72000,
		"Non-store retailing and retail commission-based": 72000,
		"Clothing & fashion boutique": 72000,
		"Fitness & gym facilities": 72000,
		"Automotive retail & services": 72000,
		"Rental & hiring services": 72000,
		"Real estate services": 72000,
		"Education and training services": 72000
	}
}
